open_timestamp_utc,close_timestamp_utc,open,high,low,close,volume
1555671600,1555675199,6.235e-05,6.238e-05,6.216e-05,6.238e-05,1028.35
1555675200,1555678799,6.238e-05,6.239e-05,6.212e-05,6.212e-05,1662.73
1555678800,1555682399,6.212e-05,6.222e-05,6.2e-05,6.208e-05,2341.01
1555682400,1555685999,6.21e-05,6.21e-05,6.171e-05,6.171e-05,6405.98
1555686000,1555689599,6.188e-05,6.198e-05,6.17e-05,6.17e-05,5620.81
1555689600,1555693199,6.18e-05,6.18e-05,6.141e-05,6.159e-05,28920.63
1555693200,1555696799,6.165e-05,6.197e-05,6.16e-05,6.19e-05,4215.28
1555696800,1555700399,6.176e-05,6.199e-05,6.151e-05,6.197e-05,13886.43
1555700400,1555703999,6.196e-05,6.212e-05,6.181e-05,6.181e-05,4903.02
1555704000,1555707599,6.211e-05,6.211e-05,6.177e-05,6.178e-05,3492.21
1555707600,1555711199,6.182e-05,6.204e-05,6.16e-05,6.19e-05,6567.52
1555711200,1555714799,6.194e-05,6.216e-05,6.191e-05,6.196e-05,2729.75
1555714800,1555718399,6.21e-05,6.216e-05,6.185e-05,6.205e-05,11218.22
1555718400,1555721999,6.205e-05,6.215e-05,6.196e-05,6.198e-05,1784.33
1555722000,1555725599,6.198e-05,6.237e-05,6.198e-05,6.211e-05,965.39
1555725600,1555729199,6.217e-05,6.217e-05,6.179e-05,6.199e-05,1674.37
1555729200,1555732799,6.181e-05,6.2e-05,6.179e-05,6.181e-05,8647.2
1555732800,1555736399,6.191e-05,6.195e-05,6.152e-05,6.186e-05,26260.77
1555736400,1555739999,6.187e-05,6.187e-05,6.155e-05,6.159e-05,2955.85
1555740000,1555743599,6.161e-05,6.167e-05,6.125e-05,6.148e-05,16461.09
1555743600,1555747199,6.153e-05,6.153e-05,6.13e-05,6.139e-05,2798.75
1555747200,1555750799,6.139e-05,6.144e-05,6.114e-05,6.117e-05,78349.34
1555750800,1555754399,6.136e-05,6.139e-05,6.114e-05,6.12e-05,2309.53
1555754400,1555757999,6.123e-05,6.125e-05,6.07e-05,6.071e-05,11520.83
1555758000,1555761599,6.071e-05,6.072e-05,6.07e-05,6.072e-05,2723.46
1555761600,1555765199,6.072e-05,6.087e-05,6.07e-05,6.075e-05,6962.27
1555765200,1555768799,6.073e-05,6.073e-05,6.01e-05,6.063e-05,37081.97
1555768800,1555772399,6.06e-05,6.09e-05,6.058e-05,6.077e-05,5650.17
1555772400,1555775999,6.061e-05,6.07e-05,6.044e-05,6.048e-05,18922.47
1555776000,1555779599,6.06e-05,6.074e-05,6.038e-05,6.068e-05,29647.81
1555779600,1555783199,6.089e-05,6.096e-05,6.05e-05,6.063e-05,16711.03
1555783200,1555786799,6.073e-05,6.094e-05,6.053e-05,6.064e-05,4876.47
1555786800,1555790399,6.059e-05,6.064e-05,6.049e-05,6.054e-05,4373.01
1555790400,1555793999,6.054e-05,6.062e-05,6.035e-05,6.062e-05,10206.32
1555794000,1555797599,6.049e-05,6.093e-05,6.049e-05,6.076e-05,13202.46
1555797600,1555801199,6.076e-05,6.094e-05,6.072e-05,6.077e-05,1927.02
1555801200,1555804799,6.077e-05,6.084e-05,6.062e-05,6.063e-05,1239.55
1555804800,1555808399,6.068e-05,6.112e-05,6.061e-05,6.111e-05,8856.87
1555808400,1555811999,6.111e-05,6.112e-05,6.097e-05,6.103e-05,2711.95
1555812000,1555815599,6.103e-05,6.12e-05,6.046e-05,6.093e-05,90833.0
1555815600,1555819199,6.109e-05,6.109e-05,6.043e-05,6.054e-05,6383.36
1555819200,1555822799,6.054e-05,6.064e-05,6.034e-05,6.042e-05,10264.04
1555822800,1555826399,6.041e-05,6.095e-05,6.041e-05,6.076e-05,3100.88
1555826400,1555829999,6.076e-05,6.088e-05,6.061e-05,6.066e-05,4593.15
1555830000,1555833599,6.065e-05,6.074e-05,6.031e-05,6.031e-05,2867.14
1555833600,1555837199,6.03e-05,6.031e-05,5.87e-05,5.906e-05,62008.36
1555837200,1555840799,5.907e-05,5.912e-05,5.859e-05,5.872e-05,15908.01
1555840800,1555844399,5.872e-05,5.92e-05,5.849e-05,5.893e-05,77444.29
1555844400,1555847999,5.884e-05,5.885e-05,5.869e-05,5.884e-05,3515.33
1555848000,1555851599,5.878e-05,5.881e-05,5.831e-05,5.861e-05,8357.63
1555851600,1555855199,5.865e-05,5.881e-05,5.838e-05,5.858e-05,4210.95
1555855200,1555858799,5.861e-05,5.874e-05,5.855e-05,5.855e-05,1233.33
1555858800,1555862399,5.856e-05,5.857e-05,5.831e-05,5.835e-05,7196.3
1555862400,1555865999,5.847e-05,5.877e-05,5.843e-05,5.868e-05,11973.55
1555866000,1555869599,5.868e-05,5.877e-05,5.85e-05,5.851e-05,2767.78
1555869600,1555873199,5.868e-05,5.91e-05,5.868e-05,5.882e-05,7492.91
1555873200,1555876799,5.883e-05,5.907e-05,5.877e-05,5.884e-05,4012.69
1555876800,1555880399,5.884e-05,5.916e-05,5.884e-05,5.911e-05,7617.72
1555880400,1555883999,5.9e-05,5.912e-05,5.89e-05,5.908e-05,3131.17
1555884000,1555887599,5.916e-05,5.972e-05,5.913e-05,5.951e-05,47404.93
1555887600,1555891199,5.951e-05,5.984e-05,5.943e-05,5.966e-05,3426.51
1555891200,1555894799,5.966e-05,5.966e-05,5.918e-05,5.929e-05,4399.2
1555894800,1555898399,5.931e-05,5.945e-05,5.927e-05,5.937e-05,2155.53
1555898400,1555901999,5.938e-05,5.951e-05,5.924e-05,5.951e-05,4555.77
1555902000,1555905599,5.938e-05,5.95e-05,5.926e-05,5.936e-05,1727.39
1555905600,1555909199,5.917e-05,5.927e-05,5.89e-05,5.905e-05,8554.57
1555909200,1555912799,5.905e-05,5.937e-05,5.905e-05,5.912e-05,11620.55
1555912800,1555916399,5.915e-05,5.919e-05,5.894e-05,5.91e-05,3684.18
1555916400,1555919999,5.915e-05,5.916e-05,5.889e-05,5.889e-05,2026.51
1555920000,1555923599,5.89e-05,5.921e-05,5.875e-05,5.921e-05,8571.81
1555923600,1555927199,5.921e-05,5.935e-05,5.908e-05,5.935e-05,2297.53
1555927200,1555930799,5.936e-05,5.964e-05,5.936e-05,5.963e-05,2019.33
1555930800,1555934399,5.963e-05,5.966e-05,5.932e-05,5.962e-05,16792.36
1555934400,1555937999,5.958e-05,5.958e-05,5.917e-05,5.925e-05,10362.69
1555938000,1555941599,5.925e-05,5.929e-05,5.895e-05,5.895e-05,15857.86
1555941600,1555945199,5.89e-05,5.914e-05,5.89e-05,5.898e-05,2008.18
1555945200,1555948799,5.903e-05,5.919e-05,5.881e-05,5.889e-05,11806.72
1555948800,1555952399,5.888e-05,5.906e-05,5.886e-05,5.892e-05,12632.29
1555952400,1555955999,5.892e-05,5.892e-05,5.864e-05,5.869e-05,8817.62
1555956000,1555959599,5.868e-05,5.902e-05,5.84e-05,5.841e-05,159082.5
1555959600,1555963199,5.859e-05,5.863e-05,5.831e-05,5.843e-05,7237.06
1555963200,1555966799,5.852e-05,5.875e-05,5.837e-05,5.839e-05,13441.2
1555966800,1555970399,5.862e-05,5.864e-05,5.819e-05,5.821e-05,23333.78
1555970400,1555973999,5.82e-05,5.842e-05,5.817e-05,5.825e-05,18590.43
1555974000,1555977599,5.825e-05,5.829e-05,5.807e-05,5.807e-05,25065.65
1555977600,1555981199,5.825e-05,5.827e-05,5.805e-05,5.81e-05,4192.15
1555981200,1555984799,5.812e-05,5.826e-05,5.805e-05,5.819e-05,2317.7
1555984800,1555988399,5.81e-05,5.831e-05,5.791e-05,5.809e-05,38888.06
1555988400,1555991999,5.804e-05,5.804e-05,5.734e-05,5.747e-05,27705.71
1555992000,1555995599,5.747e-05,5.747e-05,5.6e-05,5.719e-05,35691.74
1555995600,1555999199,5.711e-05,5.711e-05,5.657e-05,5.66e-05,32877.92
1555999200,1556002799,5.676e-05,5.676e-05,5.634e-05,5.642e-05,12692.15
1556002800,1556006399,5.654e-05,5.676e-05,5.634e-05,5.658e-05,4430.68
1556006400,1556009999,5.647e-05,5.667e-05,5.64e-05,5.656e-05,4131.26
1556010000,1556013599,5.659e-05,5.66e-05,5.634e-05,5.648e-05,5443.3
1556013600,1556017199,5.648e-05,5.649e-05,5.588e-05,5.594e-05,10394.75
1556017200,1556020799,5.595e-05,5.624e-05,5.589e-05,5.596e-05,15796.96
1556020800,1556024399,5.605e-05,5.606e-05,5.566e-05,5.586e-05,12094.6
1556024400,1556027999,5.568e-05,5.577e-05,5.5e-05,5.534e-05,253099.39
1556028000,1556031599,5.516e-05,5.548e-05,5.475e-05,5.527e-05,61129.4
1556031600,1556035199,5.54e-05,5.558e-05,5.52e-05,5.52e-05,25416.05
1556035200,1556038799,5.522e-05,5.565e-05,5.52e-05,5.528e-05,18585.58
1556038800,1556042399,5.52e-05,5.54e-05,5.481e-05,5.494e-05,12776.53
1556042400,1556045999,5.528e-05,5.528e-05,5.445e-05,5.468e-05,32938.21
1556046000,1556049599,5.464e-05,5.473e-05,5.437e-05,5.457e-05,18272.76
1556049600,1556053199,5.437e-05,5.477e-05,5.433e-05,5.46e-05,13543.6
1556053200,1556056799,5.461e-05,5.479e-05,5.417e-05,5.46e-05,15572.22
1556056800,1556060399,5.482e-05,5.502e-05,5.457e-05,5.463e-05,11186.47
1556060400,1556063999,5.467e-05,5.504e-05,5.443e-05,5.469e-05,47672.47
1556064000,1556067599,5.471e-05,5.471e-05,5.41e-05,5.416e-05,12302.14
1556067600,1556071199,5.426e-05,5.466e-05,5.302e-05,5.326e-05,48619.57
1556071200,1556074799,5.322e-05,5.333e-05,5.252e-05,5.319e-05,42605.18
1556074800,1556078399,5.318e-05,5.329e-05,5.285e-05,5.299e-05,13823.6
1556078400,1556081999,5.299e-05,5.299e-05,5.263e-05,5.28e-05,14195.23
1556082000,1556085599,5.277e-05,5.341e-05,5.268e-05,5.291e-05,28761.91
1556085600,1556089199,5.291e-05,5.291e-05,5.251e-05,5.255e-05,9650.59
1556089200,1556092799,5.267e-05,5.267e-05,5.2e-05,5.2e-05,54353.26
1556092800,1556096399,5.2e-05,5.217e-05,5.169e-05,5.203e-05,11647.79
1556096400,1556099999,5.201e-05,5.203e-05,5.169e-05,5.175e-05,7382.28
1556100000,1556103599,5.189e-05,5.237e-05,5.177e-05,5.214e-05,21198.95
1556103600,1556107199,5.197e-05,5.227e-05,5.152e-05,5.216e-05,191906.68
1556107200,1556110799,5.216e-05,5.276e-05,5.201e-05,5.266e-05,12301.76
1556110800,1556114399,5.276e-05,5.315e-05,5.264e-05,5.264e-05,25046.76
1556114400,1556117999,5.233e-05,5.333e-05,5.233e-05,5.296e-05,31387.82
1556118000,1556121599,5.296e-05,5.296e-05,5.253e-05,5.295e-05,12444.65
1556121600,1556125199,5.296e-05,5.296e-05,5.232e-05,5.232e-05,9425.13
1556125200,1556128799,5.235e-05,5.235e-05,5.183e-05,5.187e-05,10277.97
1556128800,1556132399,5.195e-05,5.225e-05,5.181e-05,5.225e-05,12832.5
1556132400,1556135999,5.199e-05,5.39e-05,5.18e-05,5.384e-05,110018.42
1556136000,1556139599,5.385e-05,5.488e-05,5.385e-05,5.477e-05,46073.6
1556139600,1556143199,5.476e-05,5.476e-05,5.431e-05,5.431e-05,4225.09
1556143200,1556146799,5.45e-05,5.45e-05,5.373e-05,5.388e-05,3745.85
1556146800,1556150399,5.388e-05,5.388e-05,5.306e-05,5.33e-05,14509.06
1556150400,1556153999,5.33e-05,5.364e-05,5.323e-05,5.348e-05,7395.89
1556154000,1556157599,5.344e-05,5.371e-05,5.325e-05,5.353e-05,13522.75
1556157600,1556161199,5.351e-05,5.366e-05,5.28e-05,5.289e-05,13906.2
1556161200,1556164799,5.29e-05,5.29e-05,5.18e-05,5.227e-05,20497.35
1556164800,1556168399,5.228e-05,5.261e-05,5.213e-05,5.25e-05,2634.55
1556168400,1556171999,5.244e-05,5.252e-05,5.2e-05,5.2e-05,15535.3
1556172000,1556175599,5.216e-05,5.222e-05,5.194e-05,5.198e-05,4584.81
1556175600,1556179199,5.232e-05,5.242e-05,5.195e-05,5.219e-05,1557.38
1556179200,1556182799,5.229e-05,5.25e-05,5.221e-05,5.25e-05,7002.64
1556182800,1556186399,5.249e-05,5.252e-05,5.227e-05,5.229e-05,3054.01
1556186400,1556189999,5.238e-05,5.251e-05,5.225e-05,5.233e-05,12373.53
1556190000,1556193599,5.222e-05,5.23e-05,5.201e-05,5.227e-05,7095.06
1556193600,1556197199,5.233e-05,5.241e-05,5.199e-05,5.227e-05,23797.09
1556197200,1556200799,5.227e-05,5.227e-05,5.18e-05,5.207e-05,17820.65
1556200800,1556204399,5.206e-05,5.234e-05,5.196e-05,5.21e-05,17569.21
1556204400,1556207999,5.223e-05,5.246e-05,5.2e-05,5.234e-05,2029.09
1556208000,1556211599,5.234e-05,5.309e-05,5.228e-05,5.271e-05,19006.82
1556211600,1556215199,5.274e-05,5.304e-05,5.229e-05,5.304e-05,55150.73
1556215200,1556218799,5.307e-05,5.33e-05,5.255e-05,5.262e-05,37461.27
1556218800,1556222399,5.261e-05,5.296e-05,5.252e-05,5.284e-05,9483.02
1556222400,1556225999,5.291e-05,5.303e-05,5.241e-05,5.268e-05,35627.82
1556226000,1556229599,5.268e-05,5.337e-05,5.198e-05,5.201e-05,31363.9
1556229600,1556233199,5.193e-05,5.389e-05,5.149e-05,5.35e-05,193302.14
1556233200,1556236799,5.36e-05,5.377e-05,5.25e-05,5.263e-05,79069.6
1556236800,1556240399,5.261e-05,5.267e-05,5.026e-05,5.09e-05,82313.79
1556240400,1556243999,5.077e-05,5.134e-05,5.055e-05,5.091e-05,51321.26
1556244000,1556247599,5.089e-05,5.15e-05,5.089e-05,5.14e-05,55874.73
1556247600,1556251199,5.145e-05,5.145e-05,5.069e-05,5.084e-05,41883.71
1556251200,1556254799,5.11e-05,5.163e-05,5.101e-05,5.153e-05,4252.65
1556254800,1556258399,5.155e-05,5.168e-05,5.13e-05,5.142e-05,8133.89
1556258400,1556261999,5.149e-05,5.183e-05,5.118e-05,5.133e-05,23454.94
1556262000,1556265599,5.131e-05,5.133e-05,5.054e-05,5.077e-05,27704.2
1556265600,1556269199,5.085e-05,5.11e-05,5.085e-05,5.11e-05,638.02
1556269200,1556272799,5.11e-05,5.117e-05,5.097e-05,5.106e-05,1978.94
1556272800,1556276399,5.106e-05,5.122e-05,5.097e-05,5.122e-05,1905.22
1556276400,1556279999,5.121e-05,5.129e-05,5.105e-05,5.105e-05,2384.17
1556280000,1556283599,5.095e-05,5.126e-05,5.086e-05,5.113e-05,5048.92
1556283600,1556287199,5.118e-05,5.147e-05,5.107e-05,5.128e-05,11533.11
1556287200,1556290799,5.13e-05,5.144e-05,5.126e-05,5.129e-05,18167.5
1556290800,1556294399,5.129e-05,5.14e-05,5.094e-05,5.108e-05,6063.06
1556294400,1556297999,5.108e-05,5.115e-05,5.052e-05,5.072e-05,73170.63
1556298000,1556301599,5.071e-05,5.11e-05,5.071e-05,5.083e-05,5333.82
1556301600,1556305199,5.097e-05,5.109e-05,5.074e-05,5.105e-05,6077.02
1556305200,1556308799,5.094e-05,5.135e-05,5.094e-05,5.133e-05,6093.39
1556308800,1556312399,5.134e-05,5.141e-05,5.099e-05,5.108e-05,18040.91
1556312400,1556315999,5.109e-05,5.115e-05,5.102e-05,5.108e-05,5265.26
1556316000,1556319599,5.104e-05,5.145e-05,5.103e-05,5.133e-05,6142.07
1556319600,1556323199,5.126e-05,5.136e-05,5.099e-05,5.126e-05,24800.75
1556323200,1556326799,5.132e-05,5.179e-05,5.132e-05,5.15e-05,22464.67
1556326800,1556330399,5.15e-05,5.186e-05,5.135e-05,5.169e-05,13252.97
1556330400,1556333999,5.17e-05,5.188e-05,5.144e-05,5.168e-05,22038.91
1556334000,1556337599,5.155e-05,5.155e-05,5.111e-05,5.144e-05,1208.19
1556337600,1556341199,5.145e-05,5.157e-05,5.129e-05,5.141e-05,5433.81
1556341200,1556344799,5.145e-05,5.169e-05,5.145e-05,5.169e-05,1052.09
1556344800,1556348399,5.169e-05,5.19e-05,5.169e-05,5.189e-05,1268.81
1556348400,1556351999,5.189e-05,5.316e-05,5.189e-05,5.233e-05,68781.01
1556352000,1556355599,5.233e-05,5.24e-05,5.217e-05,5.234e-05,10363.19
1556355600,1556359199,5.239e-05,5.275e-05,5.239e-05,5.265e-05,20651.81
1556359200,1556362799,5.266e-05,5.301e-05,5.254e-05,5.262e-05,11580.64
1556362800,1556366399,5.254e-05,5.267e-05,5.252e-05,5.261e-05,6851.81
1556366400,1556369999,5.262e-05,5.269e-05,5.261e-05,5.262e-05,2681.26
1556370000,1556373599,5.263e-05,5.35e-05,5.252e-05,5.324e-05,104443.99
1556373600,1556377199,5.324e-05,5.519e-05,5.318e-05,5.401e-05,31874.0
1556377200,1556380799,5.401e-05,5.452e-05,5.4e-05,5.452e-05,14030.49
1556380800,1556384399,5.445e-05,5.485e-05,5.418e-05,5.474e-05,11199.91
1556384400,1556387999,5.474e-05,5.486e-05,5.462e-05,5.476e-05,16906.83
1556388000,1556391599,5.483e-05,5.493e-05,5.426e-05,5.434e-05,10401.27
1556391600,1556395199,5.44e-05,5.467e-05,5.42e-05,5.439e-05,15509.25
1556395200,1556398799,5.435e-05,5.477e-05,5.429e-05,5.465e-05,9064.07
1556398800,1556402399,5.461e-05,5.47e-05,5.438e-05,5.439e-05,3769.93
1556402400,1556405999,5.439e-05,5.443e-05,5.411e-05,5.415e-05,2783.14
1556406000,1556409599,5.431e-05,5.477e-05,5.421e-05,5.447e-05,48278.06
1556409600,1556413199,5.443e-05,5.458e-05,5.426e-05,5.449e-05,1516.66
1556413200,1556416799,5.455e-05,5.462e-05,5.44e-05,5.448e-05,3752.72
1556416800,1556420399,5.451e-05,5.451e-05,5.406e-05,5.422e-05,1442.68
1556420400,1556423999,5.42e-05,5.422e-05,5.4e-05,5.42e-05,5322.33
1556424000,1556427599,5.419e-05,5.435e-05,5.41e-05,5.412e-05,4596.67
1556427600,1556431199,5.415e-05,5.436e-05,5.404e-05,5.404e-05,16430.53
1556431200,1556434799,5.403e-05,5.404e-05,5.377e-05,5.383e-05,11424.79
1556434800,1556438399,5.385e-05,5.401e-05,5.379e-05,5.386e-05,990.66
1556438400,1556441999,5.398e-05,5.41e-05,5.36e-05,5.365e-05,3539.2
1556442000,1556445599,5.367e-05,5.367e-05,5.343e-05,5.356e-05,2999.99
1556445600,1556449199,5.347e-05,5.347e-05,5.323e-05,5.333e-05,1420.38
1556449200,1556452799,5.331e-05,5.354e-05,5.321e-05,5.346e-05,1382.05
1556452800,1556456399,5.346e-05,5.355e-05,5.301e-05,5.331e-05,80077.54
1556456400,1556459999,5.328e-05,5.35e-05,5.312e-05,5.315e-05,7062.18
1556460000,1556463599,5.313e-05,5.313e-05,5.272e-05,5.286e-05,2220.31
1556463600,1556467199,5.286e-05,5.286e-05,5.252e-05,5.269e-05,22642.59
1556467200,1556470799,5.269e-05,5.284e-05,5.256e-05,5.283e-05,25290.11
1556470800,1556474399,5.278e-05,5.278e-05,5.251e-05,5.251e-05,6495.28
1556474400,1556477999,5.254e-05,5.264e-05,5.25e-05,5.25e-05,3574.52
1556478000,1556481599,5.25e-05,5.265e-05,5.25e-05,5.262e-05,9421.06
1556481600,1556485199,5.26e-05,5.28e-05,5.253e-05,5.268e-05,7461.2
1556485200,1556488799,5.272e-05,5.279e-05,5.258e-05,5.262e-05,12529.88
1556488800,1556492399,5.265e-05,5.276e-05,5.257e-05,5.265e-05,18554.44
1556492400,1556495999,5.257e-05,5.268e-05,5.256e-05,5.256e-05,866.9
1556496000,1556499599,5.267e-05,5.271e-05,5.254e-05,5.254e-05,4354.95
1556499600,1556503199,5.251e-05,5.259e-05,5.227e-05,5.229e-05,12273.55
1556503200,1556506799,5.229e-05,5.262e-05,5.229e-05,5.262e-05,3720.48
1556506800,1556510399,5.261e-05,5.292e-05,5.261e-05,5.289e-05,1292.83
1556510400,1556513999,5.289e-05,5.29e-05,5.251e-05,5.264e-05,1014.29
1556514000,1556517599,5.255e-05,5.265e-05,5.247e-05,5.26e-05,2038.26
1556517600,1556521199,5.261e-05,5.272e-05,5.259e-05,5.272e-05,1789.91
1556521200,1556524799,5.269e-05,5.293e-05,5.268e-05,5.281e-05,2968.79
1556524800,1556528399,5.283e-05,5.283e-05,5.254e-05,5.257e-05,3487.76
1556528400,1556531999,5.255e-05,5.285e-05,5.254e-05,5.272e-05,3547.58
1556532000,1556535599,5.274e-05,5.282e-05,5.249e-05,5.253e-05,20224.1
1556535600,1556539199,5.238e-05,5.238e-05,5.183e-05,5.185e-05,4678.4
1556539200,1556542799,5.185e-05,5.193e-05,5.12e-05,5.12e-05,4262.44
1556542800,1556546399,5.121e-05,5.121e-05,5.05e-05,5.068e-05,54919.17
1556546400,1556549999,5.068e-05,5.135e-05,5.068e-05,5.118e-05,4963.11
1556550000,1556553599,5.113e-05,5.134e-05,5.113e-05,5.124e-05,10279.22
1556553600,1556557199,5.121e-05,5.147e-05,5.115e-05,5.147e-05,775.19
1556557200,1556560799,5.148e-05,5.16e-05,5.143e-05,5.155e-05,3627.71
1556560800,1556564399,5.154e-05,5.163e-05,5.121e-05,5.135e-05,3523.23
1556564400,1556567999,5.135e-05,5.143e-05,5.125e-05,5.131e-05,2979.05
1556568000,1556571599,5.115e-05,5.237e-05,5.114e-05,5.237e-05,3702.91
1556571600,1556575199,5.24e-05,5.267e-05,5.238e-05,5.243e-05,11024.31
1556575200,1556578799,5.243e-05,5.246e-05,5.216e-05,5.223e-05,1391.71
1556578800,1556582399,5.22e-05,5.223e-05,5.195e-05,5.216e-05,3133.47
1556582400,1556585999,5.211e-05,5.223e-05,5.199e-05,5.204e-05,6162.3
1556586000,1556589599,5.191e-05,5.22e-05,5.191e-05,5.213e-05,10021.21
1556589600,1556593199,5.202e-05,5.212e-05,5.2e-05,5.21e-05,1028.09
1556593200,1556596799,5.212e-05,5.226e-05,5.205e-05,5.221e-05,6266.43
1556596800,1556600399,5.221e-05,5.223e-05,5.189e-05,5.191e-05,3289.06
1556600400,1556603999,5.191e-05,5.191e-05,5.166e-05,5.178e-05,4618.1
1556604000,1556607599,5.178e-05,5.19e-05,5.162e-05,5.175e-05,1312.6
1556607600,1556611199,5.163e-05,5.182e-05,5.151e-05,5.182e-05,566.77
1556611200,1556614799,5.182e-05,5.189e-05,5.169e-05,5.17e-05,181.95
1556614800,1556618399,5.196e-05,5.215e-05,5.16e-05,5.215e-05,511.78
1556618400,1556621999,5.215e-05,5.234e-05,5.207e-05,5.234e-05,4820.84
1556622000,1556625599,5.234e-05,5.292e-05,5.231e-05,5.279e-05,6582.57
1556625600,1556629199,5.281e-05,5.316e-05,5.281e-05,5.293e-05,2755.38
1556629200,1556632799,5.292e-05,5.301e-05,5.273e-05,5.291e-05,15365.99
1556632800,1556636399,5.285e-05,5.302e-05,5.266e-05,5.271e-05,2480.25
1556636400,1556639999,5.263e-05,5.281e-05,5.249e-05,5.262e-05,11583.31
1556640000,1556643599,5.255e-05,5.267e-05,5.243e-05,5.253e-05,7555.14
1556643600,1556647199,5.251e-05,5.289e-05,5.24e-05,5.253e-05,49981.36
1556647200,1556650799,5.25e-05,5.25e-05,5.218e-05,5.237e-05,22554.46
1556650800,1556654399,5.236e-05,5.242e-05,5.216e-05,5.224e-05,1365.82
1556654400,1556657999,5.219e-05,5.225e-05,5.201e-05,5.213e-05,3803.23
1556658000,1556661599,5.212e-05,5.228e-05,5.204e-05,5.225e-05,1738.64
1556661600,1556665199,5.224e-05,5.243e-05,5.212e-05,5.243e-05,10659.14
1556665200,1556668799,5.248e-05,5.258e-05,5.233e-05,5.249e-05,52003.74
1556668800,1556672399,5.257e-05,5.271e-05,5.241e-05,5.259e-05,3750.46
1556672400,1556675999,5.257e-05,5.263e-05,5.243e-05,5.247e-05,4414.09
1556676000,1556679599,5.248e-05,5.254e-05,5.235e-05,5.236e-05,7516.46
1556679600,1556683199,5.235e-05,5.235e-05,5.203e-05,5.222e-05,6166.22
1556683200,1556686799,5.223e-05,5.23e-05,5.222e-05,5.229e-05,1121.51
1556686800,1556690399,5.225e-05,5.232e-05,5.222e-05,5.222e-05,1258.9
1556690400,1556693999,5.239e-05,5.239e-05,5.224e-05,5.225e-05,166.1
1556694000,1556697599,5.227e-05,5.248e-05,5.223e-05,5.234e-05,2018.64
1556697600,1556701199,5.224e-05,5.225e-05,5.222e-05,5.222e-05,1619.49
1556701200,1556704799,5.222e-05,5.228e-05,5.21e-05,5.21e-05,6047.65
1556704800,1556708399,5.225e-05,5.231e-05,5.22e-05,5.231e-05,201.09
1556708400,1556711999,5.221e-05,5.233e-05,5.203e-05,5.219e-05,482.75
1556712000,1556715599,5.215e-05,5.227e-05,5.203e-05,5.203e-05,17477.58
1556715600,1556719199,5.21e-05,5.21e-05,5.196e-05,5.196e-05,707.55
1556719200,1556722799,5.19e-05,5.201e-05,5.175e-05,5.196e-05,1256.06
1556722800,1556726399,5.189e-05,5.193e-05,5.175e-05,5.189e-05,3218.83
1556726400,1556729999,5.174e-05,5.208e-05,5.174e-05,5.201e-05,14201.17
1556730000,1556733599,5.197e-05,5.197e-05,5.18e-05,5.18e-05,6118.65
1556733600,1556737199,5.187e-05,5.187e-05,5.164e-05,5.184e-05,25028.47
1556737200,1556740799,5.167e-05,5.179e-05,5.133e-05,5.149e-05,3751.01
1556740800,1556744399,5.149e-05,5.163e-05,5.132e-05,5.156e-05,692.25
1556744400,1556747999,5.161e-05,5.174e-05,5.116e-05,5.131e-05,3997.88
1556748000,1556751599,5.134e-05,5.137e-05,5.116e-05,5.134e-05,728.21
1556751600,1556755199,5.122e-05,5.146e-05,5.122e-05,5.132e-05,6210.54
1556755200,1556758799,5.147e-05,5.149e-05,5.121e-05,5.121e-05,991.39
1556758800,1556762399,5.118e-05,5.136e-05,5.118e-05,5.135e-05,4143.55
1556762400,1556765999,5.135e-05,5.143e-05,5.116e-05,5.123e-05,2825.05
1556766000,1556769599,5.135e-05,5.136e-05,5.115e-05,5.136e-05,551.42
1556769600,1556773199,5.136e-05,5.136e-05,5.115e-05,5.136e-05,2776.61
1556773200,1556776799,5.119e-05,5.132e-05,5.109e-05,5.125e-05,8438.78
1556776800,1556780399,5.13e-05,5.145e-05,5.127e-05,5.127e-05,251.37
1556780400,1556783999,5.124e-05,5.182e-05,5.119e-05,5.123e-05,22479.01
1556784000,1556787599,5.135e-05,5.135e-05,5.076e-05,5.091e-05,3033.64
1556787600,1556791199,5.089e-05,5.093e-05,5.074e-05,5.092e-05,4011.3
1556791200,1556794799,5.092e-05,5.097e-05,5.07e-05,5.078e-05,2025.55
1556794800,1556798399,5.079e-05,5.087e-05,5.069e-05,5.072e-05,4097.82
1556798400,1556801999,5.087e-05,5.095e-05,5.07e-05,5.087e-05,3618.81
1556802000,1556805599,5.083e-05,5.108e-05,5.073e-05,5.073e-05,8253.14
1556805600,1556809199,5.083e-05,5.084e-05,5.016e-05,5.032e-05,31320.89
1556809200,1556812799,5.032e-05,5.032e-05,4.992e-05,5.011e-05,38918.24
1556812800,1556816399,5.015e-05,5.032e-05,4.985e-05,5.029e-05,7176.95
1556816400,1556819999,5.031e-05,5.044e-05,4.995e-05,4.998e-05,4175.54
1556820000,1556823599,5.007e-05,5.036e-05,4.996e-05,5.033e-05,18894.86
1556823600,1556827199,5.038e-05,5.043e-05,5.013e-05,5.027e-05,5636.69
1556827200,1556830799,5.03e-05,5.03e-05,5.004e-05,5.004e-05,12925.44
1556830800,1556834399,5.006e-05,5.029e-05,4.995e-05,5.006e-05,15934.6
1556834400,1556837999,4.995e-05,5.027e-05,4.987e-05,5.009e-05,6343.46
1556838000,1556841599,5.01e-05,5.012e-05,4.996e-05,5.01e-05,10537.96
1556841600,1556845199,5.007e-05,5.008e-05,4.966e-05,4.978e-05,11438.88
1556845200,1556848799,4.976e-05,4.977e-05,4.947e-05,4.964e-05,7065.97
1556848800,1556852399,4.964e-05,4.964e-05,4.931e-05,4.942e-05,3386.78
1556852400,1556855999,4.936e-05,4.936e-05,4.904e-05,4.917e-05,16134.39
1556856000,1556859599,4.914e-05,4.916e-05,4.886e-05,4.9e-05,6379.01
1556859600,1556863199,4.9e-05,4.901e-05,4.886e-05,4.897e-05,4713.96
1556863200,1556866799,4.887e-05,4.888e-05,4.807e-05,4.821e-05,29455.18
1556866800,1556870399,4.82e-05,4.832e-05,4.75e-05,4.756e-05,36630.03
1556870400,1556873999,4.769e-05,4.807e-05,4.67e-05,4.674e-05,77832.17
1556874000,1556877599,4.675e-05,4.807e-05,4.663e-05,4.767e-05,72410.3
1556877600,1556881199,4.759e-05,4.787e-05,4.744e-05,4.783e-05,27649.97
1556881200,1556884799,4.769e-05,4.799e-05,4.755e-05,4.797e-05,24916.94
1556884800,1556888399,4.797e-05,4.843e-05,4.796e-05,4.806e-05,31537.59
1556888400,1556891999,4.811e-05,4.852e-05,4.79e-05,4.85e-05,17567.25
1556892000,1556895599,4.847e-05,4.852e-05,4.788e-05,4.801e-05,36470.02
1556895600,1556899199,4.81e-05,4.81e-05,4.793e-05,4.804e-05,17718.48
1556899200,1556902799,4.807e-05,4.81e-05,4.793e-05,4.81e-05,8731.0
1556902800,1556906399,4.81e-05,4.84e-05,4.797e-05,4.797e-05,32171.01
1556906400,1556909999,4.812e-05,4.816e-05,4.782e-05,4.814e-05,18771.59
1556910000,1556913599,4.82e-05,4.836e-05,4.819e-05,4.834e-05,4484.19
1556913600,1556917199,4.835e-05,4.837e-05,4.828e-05,4.836e-05,18298.18
1556917200,1556920799,4.836e-05,4.838e-05,4.826e-05,4.838e-05,4592.66
1556920800,1556924399,4.837e-05,4.882e-05,4.837e-05,4.866e-05,22923.02
1556924400,1556927999,4.871e-05,4.9e-05,4.869e-05,4.877e-05,7550.56
1556928000,1556931599,4.879e-05,4.879e-05,4.821e-05,4.827e-05,24751.56
1556931600,1556935199,4.827e-05,4.844e-05,4.793e-05,4.803e-05,10931.3
1556935200,1556938799,4.802e-05,4.831e-05,4.786e-05,4.805e-05,1724.56
1556938800,1556942399,4.807e-05,4.812e-05,4.786e-05,4.79e-05,7154.47
1556942400,1556945999,4.791e-05,4.815e-05,4.774e-05,4.796e-05,14126.46
1556946000,1556949599,4.797e-05,4.831e-05,4.797e-05,4.799e-05,2233.86
1556949600,1556953199,4.803e-05,4.803e-05,4.772e-05,4.782e-05,4809.38
1556953200,1556956799,4.782e-05,4.782e-05,4.754e-05,4.767e-05,7823.37
1556956800,1556960399,4.774e-05,4.774e-05,4.756e-05,4.757e-05,2718.08
1556960400,1556963999,4.765e-05,4.77e-05,4.751e-05,4.757e-05,3957.73
1556964000,1556967599,4.762e-05,4.762e-05,4.729e-05,4.744e-05,12518.31
1556967600,1556971199,4.743e-05,4.743e-05,4.718e-05,4.729e-05,8371.33
1556971200,1556974799,4.729e-05,4.732e-05,4.709e-05,4.71e-05,7388.02
1556974800,1556978399,4.711e-05,4.711e-05,4.63e-05,4.709e-05,56636.77
1556978400,1556981999,4.71e-05,4.733e-05,4.698e-05,4.732e-05,16611.19
1556982000,1556985599,4.733e-05,4.74e-05,4.715e-05,4.727e-05,4006.88
1556985600,1556989199,4.73e-05,4.748e-05,4.715e-05,4.746e-05,20105.81
1556989200,1556992799,4.75e-05,4.758e-05,4.73e-05,4.733e-05,2025.56
1556992800,1556996399,4.749e-05,4.749e-05,4.704e-05,4.723e-05,10500.17
1556996400,1556999999,4.721e-05,4.725e-05,4.703e-05,4.721e-05,1825.74
1557000000,1557003599,4.705e-05,4.705e-05,4.661e-05,4.672e-05,2988.97
1557003600,1557007199,4.668e-05,4.668e-05,4.591e-05,4.605e-05,41639.85
1557007200,1557010799,4.608e-05,4.615e-05,4.578e-05,4.597e-05,5723.16
1557010800,1557014399,4.597e-05,4.618e-05,4.581e-05,4.587e-05,29605.42
1557014400,1557017999,4.599e-05,4.629e-05,4.591e-05,4.591e-05,37515.71
1557018000,1557021599,4.601e-05,4.669e-05,4.596e-05,4.615e-05,92956.79
1557021600,1557025199,4.619e-05,4.645e-05,4.608e-05,4.628e-05,28118.19
1557025200,1557028799,4.633e-05,4.636e-05,4.618e-05,4.619e-05,4287.09
1557028800,1557032399,4.62e-05,4.622e-05,4.605e-05,4.616e-05,9018.97
1557032400,1557035999,4.609e-05,4.614e-05,4.601e-05,4.61e-05,1722.93
1557036000,1557039599,4.61e-05,4.627e-05,4.602e-05,4.607e-05,22294.98
1557039600,1557043199,4.62e-05,4.633e-05,4.604e-05,4.624e-05,30682.76
1557043200,1557046799,4.629e-05,4.639e-05,4.582e-05,4.582e-05,18959.81
1557046800,1557050399,4.582e-05,4.59e-05,4.58e-05,4.588e-05,1257.47
1557050400,1557053999,4.587e-05,4.59e-05,4.578e-05,4.59e-05,1023.72
1557054000,1557057599,4.591e-05,4.603e-05,4.586e-05,4.595e-05,5001.71
1557057600,1557061199,4.595e-05,4.599e-05,4.577e-05,4.579e-05,6109.86
1557061200,1557064799,4.583e-05,4.628e-05,4.583e-05,4.628e-05,45442.27
1557064800,1557068399,4.63e-05,4.648e-05,4.624e-05,4.637e-05,13414.37
1557068400,1557071999,4.635e-05,4.642e-05,4.628e-05,4.64e-05,9971.25
1557072000,1557075599,4.639e-05,4.643e-05,4.625e-05,4.626e-05,3473.67
1557075600,1557079199,4.626e-05,4.634e-05,4.618e-05,4.634e-05,5902.17
1557079200,1557082799,4.64e-05,4.647e-05,4.624e-05,4.635e-05,20646.36
1557082800,1557086399,4.636e-05,4.64e-05,4.636e-05,4.64e-05,7002.87
1557086400,1557089999,4.639e-05,4.644e-05,4.636e-05,4.637e-05,21823.47
1557090000,1557093599,4.636e-05,4.646e-05,4.622e-05,4.64e-05,9313.92
1557093600,1557097199,4.637e-05,4.645e-05,4.626e-05,4.645e-05,2003.73
1557097200,1557100799,4.635e-05,4.645e-05,4.621e-05,4.635e-05,24090.13
1557100800,1557104399,4.623e-05,4.631e-05,4.609e-05,4.617e-05,18733.3
1557104400,1557107999,4.626e-05,4.666e-05,4.613e-05,4.625e-05,25671.19
1557108000,1557111599,4.631e-05,4.664e-05,4.631e-05,4.664e-05,2505.88
1557111600,1557115199,4.668e-05,4.669e-05,4.635e-05,4.635e-05,32236.22
1557115200,1557118799,4.656e-05,4.656e-05,4.622e-05,4.639e-05,851.1
1557118800,1557122399,4.648e-05,4.656e-05,4.63e-05,4.65e-05,1229.23
1557122400,1557125999,4.65e-05,4.653e-05,4.629e-05,4.644e-05,4466.83
1557126000,1557129599,4.63e-05,4.658e-05,4.629e-05,4.648e-05,7035.61
1557129600,1557133199,4.655e-05,4.656e-05,4.625e-05,4.643e-05,7251.49
1557133200,1557136799,4.642e-05,4.678e-05,4.611e-05,4.664e-05,5364.51
1557136800,1557140399,4.669e-05,4.69e-05,4.669e-05,4.688e-05,13017.91
1557140400,1557143999,4.688e-05,4.7e-05,4.674e-05,4.698e-05,2106.46
1557144000,1557147599,4.699e-05,4.709e-05,4.685e-05,4.685e-05,6512.17
1557147600,1557151199,4.685e-05,4.689e-05,4.643e-05,4.651e-05,2554.06
1557151200,1557154799,4.653e-05,4.722e-05,4.641e-05,4.709e-05,4451.84
1557154800,1557158399,4.717e-05,4.747e-05,4.717e-05,4.747e-05,15038.77
1557158400,1557161999,4.747e-05,4.8e-05,4.746e-05,4.787e-05,47686.06
1557162000,1557165599,4.785e-05,4.819e-05,4.746e-05,4.8e-05,246308.63
1557165600,1557169199,4.801e-05,4.825e-05,4.8e-05,4.805e-05,82738.88
1557169200,1557172799,4.805e-05,4.838e-05,4.804e-05,4.819e-05,20810.29
1557172800,1557176399,4.818e-05,4.869e-05,4.793e-05,4.869e-05,401413.22
1557176400,1557179999,4.869e-05,4.918e-05,4.863e-05,4.891e-05,31670.1
1557180000,1557183599,4.888e-05,4.939e-05,4.882e-05,4.883e-05,45184.43
1557183600,1557187199,4.893e-05,4.893e-05,4.858e-05,4.858e-05,8438.24
1557187200,1557190799,4.863e-05,4.888e-05,4.85e-05,4.874e-05,44970.55
1557190800,1557194399,4.876e-05,4.876e-05,4.833e-05,4.848e-05,33719.5
1557194400,1557197999,4.845e-05,4.855e-05,4.758e-05,4.775e-05,171893.67
1557198000,1557201599,4.769e-05,4.769e-05,4.668e-05,4.702e-05,39477.09
1557201600,1557205199,4.7e-05,4.719e-05,4.682e-05,4.711e-05,15988.35
1557205200,1557208799,4.714e-05,4.719e-05,4.674e-05,4.69e-05,3612.3
1557208800,1557212399,4.689e-05,4.691e-05,4.67e-05,4.684e-05,7445.63
1557212400,1557215999,4.683e-05,4.685e-05,4.66e-05,4.676e-05,13571.98
1557216000,1557219599,4.675e-05,4.676e-05,4.658e-05,4.671e-05,5022.42
1557219600,1557223199,4.666e-05,4.666e-05,4.625e-05,4.655e-05,20696.04
1557223200,1557226799,4.639e-05,4.648e-05,4.6e-05,4.6e-05,12855.37
1557226800,1557230399,4.609e-05,4.622e-05,4.604e-05,4.619e-05,5376.73
1557230400,1557233999,4.607e-05,4.61e-05,4.569e-05,4.586e-05,18855.64
1557234000,1557237599,4.57e-05,4.598e-05,4.55e-05,4.56e-05,21447.42
1557237600,1557241199,4.56e-05,4.578e-05,4.54e-05,4.554e-05,55333.79
1557241200,1557244799,4.554e-05,4.557e-05,4.525e-05,4.532e-05,6675.56
1557244800,1557248399,4.531e-05,4.536e-05,4.508e-05,4.516e-05,12287.67
1557248400,1557251999,4.518e-05,4.519e-05,4.488e-05,4.506e-05,14287.24
1557252000,1557255599,4.504e-05,4.504e-05,4.486e-05,4.492e-05,13711.86
1557255600,1557259199,4.496e-05,4.531e-05,4.481e-05,4.502e-05,130966.3
1557259200,1557262799,4.501e-05,4.511e-05,4.473e-05,4.506e-05,25025.47
1557262800,1557266399,4.504e-05,4.521e-05,4.48e-05,4.506e-05,21812.94
1557266400,1557269999,4.515e-05,4.515e-05,4.471e-05,4.499e-05,39416.91
1557270000,1557273599,4.498e-05,4.548e-05,4.452e-05,4.511e-05,165900.19
1557273600,1557277199,4.506e-05,4.575e-05,4.454e-05,4.465e-05,28670.9
1557277200,1557280799,4.465e-05,4.474e-05,4.45e-05,4.469e-05,9898.27
1557280800,1557284399,4.469e-05,4.473e-05,4.453e-05,4.473e-05,9948.43
1557284400,1557287999,4.472e-05,4.494e-05,4.467e-05,4.472e-05,10782.58
1557288000,1557291599,4.47e-05,4.502e-05,4.467e-05,4.494e-05,3522.73
1557291600,1557295199,4.493e-05,4.522e-05,4.493e-05,4.514e-05,4309.97
1557295200,1557298799,4.512e-05,4.532e-05,4.508e-05,4.521e-05,2124.98
1557298800,1557302399,4.52e-05,4.525e-05,4.477e-05,4.491e-05,6893.58
1557302400,1557305999,4.495e-05,4.555e-05,4.486e-05,4.528e-05,3162.55
1557306000,1557309599,4.514e-05,4.532e-05,4.509e-05,4.521e-05,4027.02
1557309600,1557313199,4.515e-05,4.535e-05,4.504e-05,4.531e-05,33211.68
1557313200,1557316799,4.531e-05,4.538e-05,4.526e-05,4.537e-05,4728.45
1557316800,1557320399,4.529e-05,4.57e-05,4.529e-05,4.543e-05,13272.47
1557320400,1557323999,4.54e-05,4.558e-05,4.529e-05,4.529e-05,23493.89
1557324000,1557327599,4.543e-05,4.564e-05,4.522e-05,4.551e-05,5779.36
1557327600,1557331199,4.551e-05,4.552e-05,4.521e-05,4.521e-05,3228.46
1557331200,1557334799,4.538e-05,4.538e-05,4.501e-05,4.518e-05,6021.35
1557334800,1557338399,4.516e-05,4.522e-05,4.487e-05,4.503e-05,28592.46
1557338400,1557341999,4.524e-05,4.538e-05,4.509e-05,4.514e-05,4146.78
1557342000,1557345599,4.526e-05,4.527e-05,4.496e-05,4.509e-05,1235.77
1557345600,1557349199,4.518e-05,4.54e-05,4.499e-05,4.522e-05,5208.68
1557349200,1557352799,4.523e-05,4.526e-05,4.483e-05,4.518e-05,12574.25
1557352800,1557356399,4.522e-05,4.54e-05,4.501e-05,4.509e-05,15477.69
1557356400,1557359999,4.525e-05,4.539e-05,4.49e-05,4.499e-05,30067.18
1557360000,1557363599,4.496e-05,4.499e-05,4.465e-05,4.465e-05,23095.61
1557363600,1557367199,4.467e-05,4.474e-05,4.444e-05,4.459e-05,51635.44
1557367200,1557370799,4.457e-05,4.46e-05,4.428e-05,4.448e-05,4907.54
1557370800,1557374399,4.433e-05,4.462e-05,4.427e-05,4.427e-05,26164.52
1557374400,1557377999,4.434e-05,4.435e-05,4.401e-05,4.411e-05,5337.67
1557378000,1557381599,4.403e-05,4.411e-05,4.343e-05,4.36e-05,29891.14
1557381600,1557385199,4.35e-05,4.35e-05,4.312e-05,4.321e-05,37173.92
1557385200,1557388799,4.324e-05,4.324e-05,4.282e-05,4.31e-05,66316.02
1557388800,1557392399,4.302e-05,4.316e-05,4.298e-05,4.305e-05,10145.13
1557392400,1557395999,4.311e-05,4.347e-05,4.281e-05,4.311e-05,64473.73
1557396000,1557399599,4.307e-05,4.315e-05,4.3e-05,4.307e-05,12188.08
1557399600,1557403199,4.307e-05,4.316e-05,4.29e-05,4.29e-05,37046.61
1557403200,1557406799,4.294e-05,4.297e-05,4.242e-05,4.257e-05,162334.44
1557406800,1557410399,4.257e-05,4.282e-05,4.239e-05,4.278e-05,17836.65
1557410400,1557413999,4.274e-05,4.274e-05,4.232e-05,4.247e-05,15253.69
1557414000,1557417599,4.252e-05,4.253e-05,4.213e-05,4.221e-05,38739.32
1557417600,1557421199,4.222e-05,4.254e-05,4.167e-05,4.197e-05,65501.06
1557421200,1557424799,4.196e-05,4.202e-05,4.148e-05,4.149e-05,23587.26
1557424800,1557428399,4.147e-05,4.179e-05,4.135e-05,4.171e-05,52047.98
1557428400,1557431999,4.17e-05,4.18e-05,4.144e-05,4.157e-05,44232.51
1557432000,1557435599,4.156e-05,4.18e-05,4.134e-05,4.169e-05,55227.67
1557435600,1557439199,4.14e-05,4.168e-05,4.12e-05,4.138e-05,25891.17
1557439200,1557442799,4.138e-05,4.145e-05,4.101e-05,4.101e-05,20952.65
1557442800,1557446399,4.123e-05,4.135e-05,4.081e-05,4.112e-05,34181.17
1557446400,1557449999,4.116e-05,4.168e-05,4.111e-05,4.148e-05,29557.78
1557450000,1557453599,4.147e-05,4.165e-05,4.124e-05,4.147e-05,24391.32
1557453600,1557457199,4.136e-05,4.161e-05,4.083e-05,4.088e-05,55480.6
1557457200,1557460799,4.087e-05,4.105e-05,4.018e-05,4.066e-05,46155.71
1557460800,1557464399,4.066e-05,4.149e-05,4.043e-05,4.137e-05,20311.77
1557464400,1557467999,4.149e-05,4.161e-05,4.136e-05,4.146e-05,8946.38
1557468000,1557471599,4.146e-05,4.173e-05,4.138e-05,4.166e-05,32860.77
1557471600,1557475199,4.153e-05,4.161e-05,4.086e-05,4.101e-05,20130.02
1557475200,1557478799,4.106e-05,4.122e-05,4.083e-05,4.083e-05,11551.48
1557478800,1557482399,4.095e-05,4.121e-05,4.091e-05,4.108e-05,21350.37
1557482400,1557485999,4.11e-05,4.148e-05,4.103e-05,4.142e-05,19880.8
1557486000,1557489599,4.139e-05,4.194e-05,4.098e-05,4.114e-05,38621.46
1557489600,1557493199,4.104e-05,4.138e-05,4.104e-05,4.128e-05,15669.7
1557493200,1557496799,4.132e-05,4.16e-05,4.095e-05,4.144e-05,77263.48
1557496800,1557500399,4.132e-05,4.184e-05,4.132e-05,4.156e-05,9786.69
1557500400,1557503999,4.155e-05,4.177e-05,4.141e-05,4.158e-05,6043.56
1557504000,1557507599,4.144e-05,4.144e-05,4.051e-05,4.076e-05,94533.2
1557507600,1557511199,4.083e-05,4.125e-05,4.055e-05,4.107e-05,46865.46
1557511200,1557514799,4.106e-05,4.116e-05,4.075e-05,4.089e-05,40212.11
1557514800,1557518399,4.084e-05,4.114e-05,4.082e-05,4.083e-05,4003.06
1557518400,1557521999,4.096e-05,4.142e-05,4.095e-05,4.113e-05,25840.33
1557522000,1557525599,4.117e-05,4.125e-05,4.097e-05,4.122e-05,4800.22
1557525600,1557529199,4.116e-05,4.124e-05,4.082e-05,4.082e-05,23761.47
1557529200,1557532799,4.107e-05,4.165e-05,4.105e-05,4.14e-05,16321.74
1557532800,1557536399,4.158e-05,4.164e-05,4.115e-05,4.13e-05,10016.28
1557536400,1557539999,4.12e-05,4.14e-05,4.091e-05,4.101e-05,18166.59
1557540000,1557543599,4.088e-05,4.117e-05,4.077e-05,4.093e-05,24832.92
1557543600,1557547199,4.089e-05,4.089e-05,4.005e-05,4.012e-05,98796.83
1557547200,1557550799,4.039e-05,4.05e-05,3.973e-05,3.973e-05,91072.25
1557550800,1557554399,3.991e-05,4.006e-05,3.96e-05,3.966e-05,27119.08
1557554400,1557557999,3.969e-05,3.978e-05,3.845e-05,3.918e-05,149724.23
1557558000,1557561599,3.904e-05,3.94e-05,3.903e-05,3.928e-05,23605.2
1557561600,1557565199,3.923e-05,4.049e-05,3.914e-05,4.031e-05,54169.15
1557565200,1557568799,4.034e-05,4.069e-05,4.003e-05,4.027e-05,23121.69
1557568800,1557572399,4.01e-05,4.146e-05,4.01e-05,4.104e-05,109724.29
1557572400,1557575999,4.086e-05,4.112e-05,4.01e-05,4.026e-05,39755.56
1557576000,1557579599,4.024e-05,4.056e-05,4.012e-05,4.029e-05,37621.4
1557579600,1557583199,4.027e-05,4.048e-05,4.022e-05,4.043e-05,44428.34
1557583200,1557586799,4.031e-05,4.07e-05,4.03e-05,4.053e-05,10018.14
1557586800,1557590399,4.058e-05,4.112e-05,4.008e-05,4.027e-05,96838.54
1557590400,1557593999,4.02e-05,4.036e-05,3.969e-05,4.035e-05,127100.16
1557594000,1557597599,4.025e-05,4.076e-05,4.022e-05,4.06e-05,58043.12
1557597600,1557601199,4.062e-05,4.163e-05,4.062e-05,4.094e-05,128817.93
1557601200,1557604799,4.113e-05,4.289e-05,4.09e-05,4.264e-05,163051.73
1557604800,1557608399,4.276e-05,4.432e-05,4.276e-05,4.293e-05,132674.57
1557608400,1557611999,4.293e-05,4.309e-05,4.163e-05,4.191e-05,104716.33
1557612000,1557615599,4.179e-05,4.183e-05,4.105e-05,4.131e-05,104028.18
1557615600,1557619199,4.135e-05,4.156e-05,4.03e-05,4.078e-05,121249.07
1557619200,1557622799,4.091e-05,4.122e-05,4e-05,4.012e-05,207218.6
1557622800,1557626399,4.01e-05,4.04e-05,3.95e-05,3.953e-05,144630.19
1557626400,1557629999,3.953e-05,3.978e-05,3.923e-05,3.957e-05,70900.76
1557630000,1557633599,3.957e-05,3.995e-05,3.932e-05,3.977e-05,33384.46
1557633600,1557637199,3.993e-05,3.993e-05,3.904e-05,3.99e-05,35207.92
1557637200,1557640799,3.977e-05,3.998e-05,3.965e-05,3.981e-05,30144.95
1557640800,1557644399,3.986e-05,3.993e-05,3.901e-05,3.929e-05,49262.76
1557644400,1557647999,3.929e-05,3.929e-05,3.874e-05,3.89e-05,28039.43
1557648000,1557651599,3.888e-05,3.899e-05,3.845e-05,3.871e-05,127506.54
1557651600,1557655199,3.831e-05,3.855e-05,3.798e-05,3.821e-05,73201.32
1557655200,1557658799,3.813e-05,3.863e-05,3.789e-05,3.818e-05,24239.53
1557658800,1557662399,3.835e-05,3.921e-05,3.815e-05,3.875e-05,56153.27
1557662400,1557665999,3.875e-05,3.886e-05,3.837e-05,3.865e-05,16259.41
1557666000,1557669599,3.87e-05,3.913e-05,3.862e-05,3.883e-05,40358.39
1557669600,1557673199,3.881e-05,3.891e-05,3.837e-05,3.861e-05,102008.31
1557673200,1557676799,3.862e-05,3.904e-05,3.807e-05,3.872e-05,151352.12
1557676800,1557680399,3.873e-05,3.92e-05,3.855e-05,3.901e-05,151301.27
1557680400,1557683999,3.906e-05,3.92e-05,3.865e-05,3.869e-05,58498.83
1557684000,1557687599,3.867e-05,3.884e-05,3.848e-05,3.848e-05,76011.77
1557687600,1557691199,3.851e-05,3.874e-05,3.847e-05,3.868e-05,45741.7
1557691200,1557694799,3.864e-05,3.897e-05,3.855e-05,3.884e-05,50961.12
1557694800,1557698399,3.867e-05,3.902e-05,3.867e-05,3.902e-05,17652.77
1557698400,1557701999,3.898e-05,3.93e-05,3.825e-05,3.912e-05,72780.76
1557702000,1557705599,3.922e-05,3.935e-05,3.909e-05,3.917e-05,28207.2
1557705600,1557709199,3.925e-05,3.948e-05,3.917e-05,3.947e-05,24588.7
1557709200,1557712799,3.944e-05,3.945e-05,3.921e-05,3.921e-05,7479.02
1557712800,1557716399,3.923e-05,3.938e-05,3.908e-05,3.917e-05,5445.27
1557716400,1557719999,3.909e-05,3.92e-05,3.895e-05,3.904e-05,21647
1557720000,1557723599,3.905e-05,3.918e-05,3.899e-05,3.91e-05,6507.45
1557723600,1557727199,3.908e-05,3.908e-05,3.895e-05,3.896e-05,2107.88
1557727200,1557730799,3.922e-05,3.923e-05,3.903e-05,3.92e-05,1279.36
1557730800,1557734399,3.916e-05,3.947e-05,3.914e-05,3.944e-05,15491.55
1557734400,1557737999,3.938e-05,3.945e-05,3.926e-05,3.939e-05,8918.67
1557738000,1557741599,3.939e-05,4e-05,3.928e-05,3.965e-05,49652.42
1557741600,1557745199,3.963e-05,3.999e-05,3.907e-05,3.995e-05,37118.29
1557745200,1557748799,3.995e-05,4.01e-05,3.92e-05,3.945e-05,47455.84
1557748800,1557752399,3.928e-05,3.929e-05,3.89e-05,3.893e-05,19983.07
1557752400,1557755999,3.89e-05,3.891e-05,3.814e-05,3.836e-05,59279.51
1557756000,1557759599,3.837e-05,3.86e-05,3.801e-05,3.801e-05,37017.4
1557759600,1557763199,3.801e-05,3.811e-05,3.641e-05,3.674e-05,324888.78
1557763200,1557766799,3.678e-05,3.719e-05,3.628e-05,3.628e-05,76753.85
1557766800,1557770399,3.639e-05,3.641e-05,3.582e-05,3.591e-05,99291.07
1557770400,1557773999,3.603e-05,3.62e-05,3.581e-05,3.602e-05,38054.69
1557774000,1557777599,3.598e-05,3.61e-05,3.551e-05,3.571e-05,95799.27
1557777600,1557781199,3.574e-05,3.609e-05,3.558e-05,3.587e-05,95321.92
1557781200,1557784799,3.589e-05,3.594e-05,3.486e-05,3.5e-05,240084.42
1557784800,1557788399,3.5e-05,3.563e-05,3.451e-05,3.544e-05,184919.96
1557788400,1557791999,3.536e-05,3.619e-05,3.536e-05,3.576e-05,117283.74
1557792000,1557795599,3.582e-05,3.586e-05,3.502e-05,3.531e-05,80074.68
1557795600,1557799199,3.536e-05,3.555e-05,3.506e-05,3.551e-05,34894.49
1557799200,1557802799,3.549e-05,3.618e-05,3.531e-05,3.606e-05,71202.14
1557802800,1557806399,3.62e-05,3.658e-05,3.602e-05,3.644e-05,50921.99
1557806400,1557809999,3.649e-05,3.709e-05,3.64e-05,3.686e-05,113611.49
1557810000,1557813599,3.71e-05,3.757e-05,3.697e-05,3.711e-05,34430.7
1557813600,1557817199,3.731e-05,3.768e-05,3.688e-05,3.718e-05,43836.43
1557817200,1557820799,3.716e-05,3.723e-05,3.633e-05,3.633e-05,70867.93
1557820800,1557824399,3.637e-05,3.789e-05,3.592e-05,3.664e-05,151741.31
1557824400,1557827999,3.622e-05,3.677e-05,3.622e-05,3.656e-05,30819.92
1557828000,1557831599,3.645e-05,3.682e-05,3.621e-05,3.648e-05,15329.29
1557831600,1557835199,3.625e-05,3.692e-05,3.613e-05,3.65e-05,22401.5
1557835200,1557838799,3.651e-05,3.656e-05,3.6e-05,3.603e-05,46839.74
1557838800,1557842399,3.604e-05,3.644e-05,3.6e-05,3.626e-05,29648.31
1557842400,1557845999,3.628e-05,3.798e-05,3.624e-05,3.696e-05,87211.69
1557846000,1557849599,3.728e-05,3.815e-05,3.701e-05,3.815e-05,68078.39
1557849600,1557853199,3.793e-05,3.927e-05,3.732e-05,3.783e-05,101393.44
1557853200,1557856799,3.783e-05,3.793e-05,3.753e-05,3.769e-05,43507.16
1557856800,1557860399,3.753e-05,3.872e-05,3.734e-05,3.807e-05,72852.13
1557860400,1557863999,3.788e-05,3.819e-05,3.742e-05,3.781e-05,115512.17
1557864000,1557867599,3.782e-05,3.827e-05,3.735e-05,3.82e-05,41600.71
1557867600,1557871199,3.803e-05,3.837e-05,3.767e-05,3.803e-05,36826.7
1557871200,1557874799,3.803e-05,3.806e-05,3.752e-05,3.8e-05,43831.92
1557874800,1557878399,3.798e-05,3.836e-05,3.76e-05,3.791e-05,16126.61
1557878400,1557881999,3.772e-05,3.83e-05,3.747e-05,3.826e-05,27093.94
1557882000,1557885599,3.827e-05,4.2e-05,3.769e-05,4.168e-05,377098.99
1557885600,1557889199,4.153e-05,4.25e-05,3.986e-05,4.046e-05,200477.68
1557889200,1557892799,4.042e-05,4.147e-05,4.007e-05,4.129e-05,94553.91
1557892800,1557896399,4.143e-05,4.249e-05,4.084e-05,4.132e-05,80180.12
1557896400,1557899999,4.165e-05,4.165e-05,4.031e-05,4.078e-05,64502.24
1557900000,1557903599,4.075e-05,4.205e-05,4.072e-05,4.129e-05,108353.27
1557903600,1557907199,4.171e-05,4.196e-05,4.114e-05,4.122e-05,42810.74
1557907200,1557910799,4.122e-05,4.18e-05,4.074e-05,4.141e-05,27809.03
1557910800,1557914399,4.168e-05,4.183e-05,4.085e-05,4.109e-05,20943.8
1557914400,1557917999,4.102e-05,4.128e-05,4.07e-05,4.126e-05,17116.06
1557918000,1557921599,4.084e-05,4.225e-05,4.081e-05,4.217e-05,42406.58
1557921600,1557925199,4.206e-05,4.254e-05,4.118e-05,4.143e-05,44593.73
1557925200,1557928799,4.128e-05,4.18e-05,4.096e-05,4.121e-05,74222.95
1557928800,1557932399,4.116e-05,4.199e-05,4.089e-05,4.188e-05,51488.41
1557932400,1557935999,4.167e-05,4.223e-05,4.153e-05,4.215e-05,130237.01
1557936000,1557939599,4.223e-05,4.365e-05,4.208e-05,4.344e-05,145858.95
1557939600,1557943199,4.362e-05,4.533e-05,4.345e-05,4.498e-05,225612.21
1557943200,1557946799,4.498e-05,4.989e-05,4.238e-05,4.239e-05,257148.36
1557946800,1557950399,4.235e-05,4.496e-05,4.22e-05,4.496e-05,400347.9
1557950400,1557953999,4.478e-05,4.488e-05,4.367e-05,4.429e-05,239790.3
1557954000,1557957599,4.434e-05,4.486e-05,4.378e-05,4.464e-05,149436.52
1557957600,1557961199,4.467e-05,4.549e-05,4.422e-05,4.441e-05,119102.71
1557961200,1557964799,4.424e-05,4.452e-05,4.41e-05,4.452e-05,84813.94
1557964800,1557968399,4.451e-05,4.523e-05,4.435e-05,4.506e-05,71002.74
1557968400,1557971999,4.533e-05,4.533e-05,4.424e-05,4.519e-05,150167.3
1557972000,1557975599,4.504e-05,4.581e-05,4.497e-05,4.571e-05,106392.53
1557975600,1557979199,4.55e-05,4.599e-05,4.522e-05,4.522e-05,69638.66
1557979200,1557982799,4.541e-05,4.549e-05,4.3e-05,4.358e-05,163219.87
1557982800,1557986399,4.37e-05,4.487e-05,4.325e-05,4.396e-05,103370.64
1557986400,1557989999,4.407e-05,4.535e-05,4.369e-05,4.506e-05,89404.42
1557990000,1557993599,4.496e-05,4.496e-05,4.387e-05,4.415e-05,65008.35
1557993600,1557997199,4.417e-05,4.426e-05,4.386e-05,4.407e-05,29344.52
1557997200,1558000799,4.407e-05,4.407e-05,4.261e-05,4.261e-05,23509
1558000800,1558004399,4.26e-05,4.263e-05,4.143e-05,4.155e-05,123903.23
1558004400,1558007999,4.171e-05,4.274e-05,4.149e-05,4.208e-05,128385.9
1558008000,1558011599,4.208e-05,4.253e-05,4.181e-05,4.201e-05,126216.03
1558011600,1558015199,4.199e-05,4.214e-05,4.151e-05,4.168e-05,23705.88
1558015200,1558018799,4.175e-05,4.303e-05,4.155e-05,4.303e-05,52738.44
1558018800,1558022399,4.287e-05,4.42e-05,4.277e-05,4.404e-05,68163.13
1558022400,1558025999,4.428e-05,4.48e-05,4.324e-05,4.34e-05,94089.66
1558026000,1558029599,4.339e-05,4.369e-05,4.258e-05,4.271e-05,64280.99
1558029600,1558033199,4.271e-05,4.314e-05,4.265e-05,4.282e-05,40664.38
1558033200,1558036799,4.281e-05,4.288e-05,4.172e-05,4.233e-05,127125.41
1558036800,1558040399,4.24e-05,4.264e-05,4.216e-05,4.24e-05,62595.26
1558040400,1558043999,4.212e-05,4.266e-05,4.212e-05,4.247e-05,24968.06
1558044000,1558047599,4.26e-05,4.312e-05,4.251e-05,4.272e-05,26493.58629
1558047600,1558051199,4.273e-05,4.291e-05,4.241e-05,4.241e-05,19506.48446
1558051200,1558054799,4.244e-05,4.281e-05,4.224e-05,4.234e-05,50852.05796
1558054800,1558058399,4.222e-05,4.222e-05,4.082e-05,4.082e-05,185553.18319
1558058400,1558061999,4.083e-05,4.118e-05,4e-05,4.041e-05,176425.50088
1558062000,1558065599,4.049e-05,4.42e-05,4.045e-05,4.176e-05,689904.27097
1558065600,1558069199,4.212e-05,4.284e-05,4.191e-05,4.243e-05,119877.62274
1558069200,1558072799,4.24e-05,4.33e-05,4.24e-05,4.312e-05,94734.27982
1558072800,1558076399,4.308e-05,4.316e-05,4.234e-05,4.234e-05,47037.79745
1558076400,1558079999,4.234e-05,4.242e-05,4.189e-05,4.21e-05,62306.04027
1558080000,1558083599,4.218e-05,4.226e-05,4.189e-05,4.214e-05,60053.1393
1558083600,1558087199,4.21e-05,4.221e-05,4.191e-05,4.214e-05,17039.4278
1558087200,1558090799,4.213e-05,4.25e-05,4.21e-05,4.234e-05,22346.97353
1558090800,1558094399,4.236e-05,4.284e-05,4.15e-05,4.157e-05,61230.49945
1558094400,1558097999,4.157e-05,4.259e-05,4.157e-05,4.249e-05,96646.66056
1558098000,1558101599,4.25e-05,4.366e-05,4.225e-05,4.339e-05,75616.51542
1558101600,1558105199,4.328e-05,4.387e-05,4.308e-05,4.33e-05,78081.33293
1558105200,1558108799,4.318e-05,4.347e-05,4.245e-05,4.256e-05,83995.58338
1558108800,1558112399,4.263e-05,4.329e-05,4.234e-05,4.277e-05,70641.66795
1558112400,1558115999,4.283e-05,4.284e-05,4.246e-05,4.249e-05,43260.75002
1558116000,1558119599,4.247e-05,4.302e-05,4.231e-05,4.261e-05,119714.95722
1558119600,1558123199,4.258e-05,4.295e-05,4.238e-05,4.246e-05,22993.57601
1558123200,1558126799,4.244e-05,4.269e-05,4.237e-05,4.252e-05,9905.65659
1558126800,1558130399,4.253e-05,4.278e-05,4.215e-05,4.269e-05,36627.03645
1558130400,1558133999,4.273e-05,4.278e-05,4.24e-05,4.271e-05,39966.37555
1558134000,1558137599,4.275e-05,4.283e-05,4.219e-05,4.257e-05,91322.9685
1558137600,1558141199,4.263e-05,4.282e-05,4.245e-05,4.268e-05,49295.34267
1558141200,1558144799,4.277e-05,4.295e-05,4.259e-05,4.269e-05,21684.7899
1558144800,1558148399,4.27e-05,4.315e-05,4.27e-05,4.307e-05,18628.59743
1558148400,1558151999,4.305e-05,4.339e-05,4.305e-05,4.314e-05,53193.42742
1558152000,1558155599,4.305e-05,4.318e-05,4.281e-05,4.282e-05,54354.26997
1558155600,1558159199,4.28e-05,4.295e-05,4.268e-05,4.274e-05,34453.60996
1558159200,1558162799,4.273e-05,4.297e-05,4.27e-05,4.285e-05,24149.43252
1558162800,1558166399,4.287e-05,4.29e-05,4.271e-05,4.274e-05,9428.19147
1558166400,1558169999,4.275e-05,4.295e-05,4.274e-05,4.291e-05,11963.18897
1558170000,1558173599,4.294e-05,4.297e-05,4.272e-05,4.278e-05,20671.73069
1558173600,1558177199,4.277e-05,4.287e-05,4.271e-05,4.287e-05,2111.00844
1558177200,1558180799,4.287e-05,4.292e-05,4.272e-05,4.282e-05,4896.34071
1558180800,1558184399,4.282e-05,4.308e-05,4.277e-05,4.308e-05,12826.17833
1558184400,1558187999,4.306e-05,4.33e-05,4.304e-05,4.33e-05,30872.42038
1558188000,1558191599,4.35e-05,4.394e-05,4.348e-05,4.36e-05,23756.10374
1558191600,1558195199,4.363e-05,4.422e-05,4.346e-05,4.41e-05,34991.6248
1558195200,1558198799,4.409e-05,4.531e-05,4.409e-05,4.473e-05,96675.2359
1558198800,1558202399,4.465e-05,4.646e-05,4.465e-05,4.631e-05,98207.71568
1558202400,1558205999,4.635e-05,4.649e-05,4.466e-05,4.521e-05,143052.49376
1558206000,1558209599,4.507e-05,4.509e-05,4.431e-05,4.509e-05,43166.3232
1558209600,1558213199,4.509e-05,4.513e-05,4.44e-05,4.462e-05,22338.17649
1558213200,1558216799,4.46e-05,4.485e-05,4.438e-05,4.445e-05,28304.04318
1558216800,1558220399,4.46e-05,4.499e-05,4.448e-05,4.473e-05,35353.56155
1558220400,1558223999,4.474e-05,4.522e-05,4.442e-05,4.455e-05,33923.82506
1558224000,1558227599,4.45e-05,4.452e-05,4.407e-05,4.415e-05,36549.7682
1558227600,1558231199,4.411e-05,4.415e-05,4.278e-05,4.3e-05,97132.07994
1558231200,1558234799,4.316e-05,4.342e-05,4.276e-05,4.33e-05,132242.09869
1558234800,1558238399,4.33e-05,4.348e-05,4.261e-05,4.28e-05,160035.9298
1558238400,1558241999,4.282e-05,4.298e-05,4.208e-05,4.208e-05,70909.02051
1558242000,1558245599,4.212e-05,4.242e-05,4.196e-05,4.241e-05,36279.97987
1558245600,1558249199,4.237e-05,4.243e-05,4.217e-05,4.242e-05,22668.14451
1558249200,1558252799,4.251e-05,4.264e-05,4.21e-05,4.262e-05,34584.96563
1558252800,1558256399,4.261e-05,4.267e-05,4.244e-05,4.255e-05,15469.76088
1558256400,1558259999,4.267e-05,4.277e-05,4.242e-05,4.242e-05,64055.69486
1558260000,1558263599,4.241e-05,4.25e-05,4.208e-05,4.224e-05,19897.62843
1558263600,1558267199,4.226e-05,4.237e-05,4.181e-05,4.181e-05,39676.64338
1558267200,1558270799,4.191e-05,4.235e-05,4.169e-05,4.194e-05,57013.2995
1558270800,1558274399,4.199e-05,4.2e-05,4.162e-05,4.176e-05,54781.71422
1558274400,1558277999,4.163e-05,4.186e-05,4.149e-05,4.149e-05,21488.62065
1558278000,1558281599,4.16e-05,4.183e-05,4.11e-05,4.128e-05,54821.01232
1558281600,1558285199,4.128e-05,4.163e-05,4.117e-05,4.155e-05,61182.36067
1558285200,1558288799,4.165e-05,4.192e-05,4.148e-05,4.16e-05,27257.32785
1558288800,1558292399,4.173e-05,4.196e-05,4.159e-05,4.185e-05,26441.33396
1558292400,1558295999,4.182e-05,4.198e-05,4.15e-05,4.192e-05,37292.71083
1558296000,1558299599,4.188e-05,4.204e-05,4.151e-05,4.158e-05,14134.95426
1558299600,1558303199,4.158e-05,4.197e-05,4.124e-05,4.16e-05,77272.65593
1558303200,1558306799,4.168e-05,4.19e-05,4.074e-05,4.096e-05,52366.81071
1558306800,1558310399,4.095e-05,4.183e-05,4.077e-05,4.124e-05,79300.89336
1558310400,1558313999,4.12e-05,4.131e-05,4.047e-05,4.058e-05,114170.20063
1558314000,1558317599,4.054e-05,4.082e-05,4.045e-05,4.06e-05,44262.0973
1558317600,1558321199,4.056e-05,4.087e-05,4.043e-05,4.061e-05,58118.92471
1558321200,1558324799,4.047e-05,4.06e-05,4.033e-05,4.052e-05,29994.32098
1558324800,1558328399,4.043e-05,4.061e-05,4.035e-05,4.05e-05,16459.05304
1558328400,1558331999,4.051e-05,4.058e-05,4.027e-05,4.053e-05,31588.9869
1558332000,1558335599,4.052e-05,4.077e-05,4.036e-05,4.06e-05,36139.21413
1558335600,1558339199,4.07e-05,4.083e-05,4.049e-05,4.051e-05,20945.40437
1558339200,1558342799,4.053e-05,4.067e-05,4.035e-05,4.059e-05,14296.96869
1558342800,1558346399,4.063e-05,4.065e-05,4.041e-05,4.055e-05,19449.244
1558346400,1558349999,4.055e-05,4.075e-05,4.044e-05,4.046e-05,99892.80079
1558350000,1558353599,4.05e-05,4.059e-05,4.036e-05,4.044e-05,13817.14031
1558353600,1558357199,4.036e-05,4.05e-05,4.028e-05,4.041e-05,20111.53255
1558357200,1558360799,4.034e-05,4.057e-05,4.009e-05,4.043e-05,43537.48673
1558360800,1558364399,4.043e-05,4.075e-05,4.043e-05,4.075e-05,17607.01835
1558364400,1558367999,4.063e-05,4.096e-05,4.043e-05,4.085e-05,34107.07412
1558368000,1558371599,4.09e-05,4.108e-05,4.053e-05,4.055e-05,52142.07878
1558371600,1558375199,4.07e-05,4.072e-05,4.035e-05,4.068e-05,46480.63814
1558375200,1558378799,4.056e-05,4.073e-05,4.027e-05,4.043e-05,61180.8845
1558378800,1558382399,4.041e-05,4.069e-05,4.037e-05,4.054e-05,24161.44734
1558382400,1558385999,4.055e-05,4.068e-05,4.033e-05,4.035e-05,21849.66718
1558386000,1558389599,4.045e-05,4.045e-05,3.983e-05,4e-05,67728.96939
1558389600,1558393199,4.004e-05,4.026e-05,3.977e-05,4.013e-05,77333.017
1558393200,1558396799,4.017e-05,4.028e-05,3.996e-05,3.997e-05,5034.98324
1558396800,1558400399,4.006e-05,4.016e-05,3.992e-05,3.999e-05,7063.61108
1558400400,1558403999,3.995e-05,4.018e-05,3.99e-05,4.003e-05,22772.5395
1558404000,1558407599,4.015e-05,4.026e-05,3.929e-05,3.978e-05,76377.42184
1558407600,1558411199,3.96e-05,3.969e-05,3.944e-05,3.947e-05,28144.18127
1558411200,1558414799,3.94e-05,4.021e-05,3.94e-05,3.99e-05,16702.37956
1558414800,1558418399,4e-05,4.033e-05,3.989e-05,4.029e-05,5147.72054
1558418400,1558421999,4.02e-05,4.048e-05,3.999e-05,4.001e-05,23289.94054
1558422000,1558425599,3.996e-05,4.065e-05,3.996e-05,4.052e-05,17401.29923
1558425600,1558429199,4.052e-05,4.076e-05,4.052e-05,4.076e-05,26144.1204
1558429200,1558432799,4.069e-05,4.069e-05,4.033e-05,4.042e-05,18513.6123
1558432800,1558436399,4.038e-05,4.056e-05,4.005e-05,4.037e-05,58388.60105
1558436400,1558439999,4.038e-05,4.083e-05,4.029e-05,4.052e-05,24037.28532
1558440000,1558443599,4.043e-05,4.057e-05,4.01e-05,4.018e-05,8436.1868
1558443600,1558447199,4.007e-05,4.031e-05,3.993e-05,4.005e-05,31029.50339
1558447200,1558450799,4.036e-05,4.055e-05,4.015e-05,4.015e-05,11071.28415
1558450800,1558454399,4.026e-05,4.054e-05,4.02e-05,4.054e-05,39999.14702
1558454400,1558457999,4.054e-05,4.119e-05,4.047e-05,4.119e-05,114966.61588
1558458000,1558461599,4.097e-05,4.12e-05,4.093e-05,4.105e-05,44266.61477
1558461600,1558465199,4.1e-05,4.121e-05,4.089e-05,4.101e-05,61041.61342
1558465200,1558468799,4.101e-05,4.106e-05,4.082e-05,4.106e-05,13630.96116
1558468800,1558472399,4.105e-05,4.137e-05,4.095e-05,4.115e-05,27281.06281
1558472400,1558475999,4.115e-05,4.176e-05,4.113e-05,4.17e-05,29792.04216
1558476000,1558479599,4.17e-05,4.189e-05,4.164e-05,4.168e-05,22520.02207
1558479600,1558483199,4.178e-05,4.19e-05,4.155e-05,4.186e-05,13961.27811
1558483200,1558486799,4.169e-05,4.18e-05,4.14e-05,4.156e-05,6051.56913
1558486800,1558490399,4.157e-05,4.19e-05,4.157e-05,4.184e-05,28385.02218
1558490400,1558493999,4.184e-05,4.237e-05,4.183e-05,4.224e-05,93239.70261
1558494000,1558497599,4.235e-05,4.246e-05,4.199e-05,4.223e-05,46328.11988
1558497600,1558501199,4.222e-05,4.233e-05,4.196e-05,4.196e-05,12791.04547
1558501200,1558504799,4.207e-05,4.228e-05,4.193e-05,4.193e-05,39136.39611
1558504800,1558508399,4.198e-05,4.21e-05,4.176e-05,4.207e-05,36316.04868
1558508400,1558511999,4.203e-05,4.209e-05,4.179e-05,4.197e-05,11110.03756
1558512000,1558515599,4.19e-05,4.196e-05,4.176e-05,4.179e-05,11291.28412
1558515600,1558519199,4.195e-05,4.198e-05,4.171e-05,4.178e-05,5209.65563
1558519200,1558522799,4.174e-05,4.174e-05,4.105e-05,4.137e-05,9233.68241
1558522800,1558526399,4.138e-05,4.138e-05,4.066e-05,4.078e-05,23310.79025
1558526400,1558529999,4.078e-05,4.116e-05,4.066e-05,4.1e-05,31443.79975
1558530000,1558533599,4.09e-05,4.097e-05,4.07e-05,4.082e-05,5257.53633
1558533600,1558537199,4.082e-05,4.109e-05,4.054e-05,4.105e-05,42559.03724
1558537200,1558540799,4.093e-05,4.103e-05,4.06e-05,4.081e-05,26537.67522
1558540800,1558544399,4.082e-05,4.082e-05,4.051e-05,4.081e-05,41389.16761
1558544400,1558547999,4.069e-05,4.082e-05,4.057e-05,4.064e-05,13577.17148
1558548000,1558551599,4.066e-05,4.082e-05,4.062e-05,4.082e-05,8076.72489
1558551600,1558555199,4.081e-05,4.118e-05,4.08e-05,4.096e-05,27679.52715
1558555200,1558558799,4.092e-05,4.103e-05,3.994e-05,4.017e-05,90579.99542
1558558800,1558562399,4.036e-05,4.045e-05,3.957e-05,3.957e-05,37975.2295
1558562400,1558565999,3.958e-05,3.991e-05,3.932e-05,3.982e-05,179194.86584
1558566000,1558569599,3.97e-05,3.986e-05,3.956e-05,3.973e-05,62383.76707
1558569600,1558573199,3.953e-05,3.977e-05,3.939e-05,3.957e-05,22096.784
1558573200,1558576799,3.958e-05,3.977e-05,3.958e-05,3.975e-05,20360.16611
1558576800,1558580399,3.96e-05,3.97e-05,3.949e-05,3.963e-05,10553.63121
1558580400,1558583999,3.964e-05,3.982e-05,3.95e-05,3.979e-05,19620.74538
1558584000,1558587599,3.978e-05,4.003e-05,3.968e-05,3.977e-05,20538.05488
1558587600,1558591199,3.979e-05,4.016e-05,3.953e-05,3.954e-05,23973.92876
1558591200,1558594799,3.965e-05,3.965e-05,3.93e-05,3.949e-05,17665.66393
1558594800,1558598399,3.946e-05,3.961e-05,3.933e-05,3.96e-05,22235.24097
1558598400,1558601999,3.948e-05,3.959e-05,3.88e-05,3.909e-05,39261.06211
1558602000,1558605599,3.895e-05,3.919e-05,3.883e-05,3.919e-05,13344.46382
1558605600,1558609199,3.906e-05,3.956e-05,3.905e-05,3.956e-05,13772.08939
1558609200,1558612799,3.939e-05,3.957e-05,3.935e-05,3.936e-05,7206.84816
1558612800,1558616399,3.936e-05,3.966e-05,3.921e-05,3.961e-05,21895.16083
1558616400,1558619999,3.951e-05,3.969e-05,3.938e-05,3.954e-05,35982.92654
1558620000,1558623599,3.953e-05,3.964e-05,3.925e-05,3.938e-05,11744.07364
1558623600,1558627199,3.935e-05,3.94e-05,3.896e-05,3.913e-05,21559.49471
1558627200,1558630799,3.913e-05,3.925e-05,3.897e-05,3.909e-05,20781.77047
1558630800,1558634399,3.896e-05,3.922e-05,3.89e-05,3.903e-05,21266.29214
